{"log_dir": "2024-10-10_17-29-48", "_timestamp": 1728571019, "_runtime": 437, "_step": 30, "Episode_Reward/air_time": -5.807063985230343e-08, "Episode_Reward/termination_penalty": -0.009999999776482582, "Episode_Reward/position_command_error": 0.03783750906586647, "Episode_Reward/position_tracking_fine_grained": 0.0012509117368608713, "Episode_Reward/orientation_tracking": -0.018691716715693474, "Episode_Reward/position_tracking": 0.010816420428454876, "Episode_Reward/goal_achievement": 0.002970390021800995, "Episode_Reward/action_smoothness": -0.007170846685767174, "Episode_Reward/foot_slip": -0.0018652774160727859, "Episode_Reward/collision": -0.00028750704950653017, "Episode_Reward/feet_stumble": -0.011935170739889145, "Episode_Reward/joint_pos_limits": -2.234142357337987e-06, "Episode_Reward/hip_limit": -0.024339720606803894, "Curriculum/terrain_levels": 0.0, "Metrics/pose_command/error_pos": 0.0, "Metrics/pose_command/error_heading": 1.5611867904663086, "Metrics/pose_command/error_pos_2d": 0.772161602973938, "Episode_Termination/time_out": 0.0, "Episode_Termination/body_contact": 343.75, "Loss/value_function": 0.9520335376262665, "Loss/surrogate": -0.0019669749541208147, "Loss/learning_rate": 0.00038443359375000017, "Policy/mean_noise_std": 1.0980948209762573, "Perf/total_fps": 7965, "Perf/collection time": 12.170693635940552, "Perf/learning_time": 0.17731285095214844, "Train/mean_reward": -0.5304860359430313, "Train/mean_episode_length": 12.68}