{"log_dir": "2024-10-10_17-39-29", "_timestamp": 1728629722, "_runtime": 58559, "_step": 4364, "Episode_Reward/air_time": -1.0873558942137151e-08, "Episode_Reward/termination_penalty": -0.009999999776482582, "Episode_Reward/position_command_error": 0.031150339171290398, "Episode_Reward/position_tracking_fine_grained": 0.001184310531243682, "Episode_Reward/orientation_tracking": -0.014873146079480648, "Episode_Reward/position_tracking": 0.009126925840973854, "Episode_Reward/goal_achievement": 0.0027195157017558813, "Episode_Reward/action_smoothness": -0.03673230856657028, "Episode_Reward/foot_slip": -0.0004735842230729759, "Episode_Reward/collision": -2.2907732272869907e-05, "Episode_Reward/feet_stumble": -0.009736426174640656, "Episode_Reward/joint_pos_limits": -5.1237252591818105e-06, "Episode_Reward/hip_limit": -0.02615342289209366, "Curriculum/terrain_levels": 0.0, "Metrics/pose_command/error_pos": 0.0, "Metrics/pose_command/error_heading": 1.4848874807357788, "Metrics/pose_command/error_pos_2d": 0.7655736207962036, "Episode_Termination/time_out": 0.0, "Episode_Termination/body_contact": 421.75, "Loss/value_function": 0.69005196839571, "Loss/surrogate": -0.001094099855299646, "Loss/learning_rate": 0.00011390625000000006, "Policy/mean_noise_std": 8.43344783782959, "Perf/total_fps": 7278, "Perf/collection time": 13.315698385238647, "Perf/learning_time": 0.19694757461547852, "Train/mean_reward": -1.1611071810126306, "Train/mean_episode_length": 9.98}